{
  "version": 1,
  "author": "Antonio Rodrigues",
  "editor": "wokwi",
  "parts": [
    { "type": "board-esp32-devkit-c-v4", "id": "esp", "top": 0, "left": -4.76, "attrs": {} },
    { "type": "wokwi-dht22", "id": "dht1", "top": -134.1, "left": 42.6, "attrs": {} },
    {
      "type": "wokwi-resistor",
      "id": "r1",
      "top": -14.95,
      "left": -1.4,
      "rotate": 180,
      "attrs": { "value": "10000" }
    }
  ],
  "connections": [
    [ "esp:TX", "$serialMonitor:RX", "", [] ],
    [ "esp:RX", "$serialMonitor:TX", "", [] ],
    [ "esp:3V3", "dht1:VCC", "red", [ "h-33.41", "v-48" ] ],
    [ "dht1:SDA", "r1:1", "green", [ "v9.6", "h96.1" ] ],
    [ "r1:1", "esp:5", "green", [ "h86.4", "v115.2" ] ],
    [ "r1:2", "esp:3V3", "red", [ "h-18", "v38.4" ] ],
    [ "dht1:GND", "esp:GND.2", "black", [ "h76.8", "v48" ] ]
  ],
  "dependencies": {}
}