{
  "version": 1,
  "author": "Antonio Rodrigues",
  "editor": "wokwi",
  "parts": [
    { "type": "wokwi-breadboard-half", "id": "bb1", "top": 217.8, "left": -93.2, "attrs": {} },
    { "type": "board-esp32-devkit-c-v4", "id": "esp", "top": 0, "left": -4.76, "attrs": {} },
    { "type": "wokwi-dht22", "id": "dht1", "top": 105.9, "left": 138.6, "attrs": {} },
    {
      "type": "wokwi-resistor",
      "id": "r1",
      "top": 273.05,
      "left": 85,
      "rotate": 180,
      "attrs": { "value": "10000" }
    },
    {
      "type": "wokwi-lcd1602",
      "id": "lcd1",
      "top": 265.6,
      "left": 274.4,
      "attrs": { "pins": "i2c" }
    }
  ],
  "connections": [
    [ "esp:TX", "$serialMonitor:RX", "", [] ],
    [ "esp:RX", "$serialMonitor:TX", "", [] ],
    [ "esp:5", "bb1:23t.a", "green", [ "h0" ] ],
    [ "bb1:17t.a", "bb1:tp.14", "red", [ "v0" ] ],
    [ "esp:3V3", "bb1:tp.6", "red", [ "h-28.65", "v163.2" ] ],
    [ "esp:GND.1", "bb1:tn.8", "black", [ "h-9.45", "v67.2" ] ],
    [ "dht1:SDA", "bb1:23t.c", "green", [ "v0" ] ],
    [ "r1:1", "bb1:23t.b", "", [ "$bb" ] ],
    [ "r1:2", "bb1:17t.b", "", [ "$bb" ] ],
    [ "dht1:GND", "bb1:tn.22", "black", [ "v0" ] ],
    [ "dht1:VCC", "bb1:tp.20", "red", [ "v0" ] ],
    [ "lcd1:GND", "bb1:tn.23", "black", [ "h0" ] ],
    [ "lcd1:VCC", "bb1:tp.21", "red", [ "h0" ] ],
    [ "lcd1:SDA", "esp:21", "blue", [ "h-38.4", "v-239.8" ] ],
    [ "lcd1:SCL", "esp:22", "purple", [ "h-19.2", "v-278.1" ] ]
  ],
  "dependencies": {}
}