{
  "version": 1,
  "author": "Valentin Di Carlo",
  "editor": "wokwi",
  "parts": [
    { "type": "wokwi-esp32-devkit-v1", "id": "esp", "top": -110.5, "left": 4.6, "attrs": {} },
    {
      "type": "wokwi-led",
      "id": "led1",
      "top": -147.6,
      "left": -169,
      "attrs": { "color": "red" }
    },
    {
      "type": "wokwi-resistor",
      "id": "r1",
      "top": -15.25,
      "left": -105.6,
      "attrs": { "value": "330" }
    }
  ],
  "connections": [
    [ "esp:TX0", "$serialMonitor:RX", "", [] ],
    [ "esp:RX0", "$serialMonitor:TX", "", [] ],
    [ "r1:1", "led1:A", "red", [ "v0" ] ],
    [ "led1:C", "esp:GND.2", "black", [ "v144", "h163.6" ] ],
    [ "esp:D2", "r1:2", "red", [ "h47.7", "v-163.9", "h-172.8", "v9.6" ] ]
  ],
  "dependencies": {}
}