{
  "version": 1,
  "author": "Anonymous maker",
  "editor": "wokwi",
  "parts": [
    { "type": "board-esp32-devkit-c-v4", "id": "esp", "top": 0, "left": 0, "attrs": {} },
    {
      "type": "wokwi-pushbutton",
      "id": "btn1",
      "top": 227,
      "left": 9.6,
      "attrs": { "color": "green", "xray": "1" }
    },
    { "type": "wokwi-led", "id": "led1", "top": -22.8, "left": 167, "attrs": { "color": "red" } },
    {
      "type": "wokwi-resistor",
      "id": "r1",
      "top": 81.6,
      "left": 181.85,
      "rotate": 90,
      "attrs": { "value": "1000" }
    },
    {
      "type": "wokwi-resistor",
      "id": "r2",
      "top": 157,
      "left": 114.35,
      "rotate": 270,
      "attrs": { "value": "1000" }
    }
  ],
  "connections": [
    [ "esp:TX", "$serialMonitor:RX", "", [] ],
    [ "esp:RX", "$serialMonitor:TX", "", [] ],
    [ "btn1:1.l", "esp:3V3", "green", [ "h-67.2", "v-211.2" ] ],
    [ "btn1:2.r", "esp:4", "green", [ "h48.2", "v-115" ] ],
    [ "esp:5", "r1:2", "green", [ "h62.44", "v10.8" ] ],
    [ "r1:1", "led1:A", "green", [ "v-28.8", "h-19.2" ] ],
    [ "led1:C", "esp:GND.2", "green", [ "v0" ] ],
    [ "btn1:2.r", "r2:1", "green", [ "h0" ] ],
    [ "r2:2", "esp:GND.3", "green", [ "v-46.8", "h-43.24" ] ]
  ],
  "dependencies": {}
}